{"stats":{"minecraft:custom":{"minecraft:jump":16,"minecraft:time_since_rest":6944,"minecraft:damage_dealt":10,"minecraft:leave_game":6,"minecraft:play_time":6944,"minecraft:sprint_one_cm":13160,"minecraft:damage_taken":215,"minecraft:time_since_death":6944,"minecraft:walk_one_cm":13989,"minecraft:total_world_time":6944,"minecraft:mob_kills":1,"minecraft:fall_one_cm":1563,"minecraft:fly_one_cm":1008},"minecraft:killed":{"minecraft:skeleton":1},"minecraft:mined":{"minecraft:podzol":3,"minecraft:dirt":4},"minecraft:picked_up":{"minecraft:bone":2,"minecraft:dirt":7},"minecraft:used":{"minecraft:dirt":6}},"DataVersion":3465}